,Name,GP,FPTs,FPPG,Pos
0,Josh Allen,17,449.0,26.4,QB
1,Patrick Mahomes,17,412.0,24.2,QB
2,Lamar Jackson,17,397.0,23.4,QB
3,Justin Herbert,17,395.0,23.2,QB
4,Jalen Hurts,17,389.0,22.9,QB
5,Tom Brady,17,378.0,22.2,QB
6,Matthew Stafford,17,366.0,21.5,QB
7,Kyler Murray,17,362.0,21.3,QB
8,Aaron Rodgers,17,354.0,20.8,QB
9,Kirk Cousins,17,345.0,20.3,QB
10,Russell Wilson,17,344.0,20.2,QB
11,Dak Prescott,17,341.0,20.1,QB
12,Joe Burrow,17,335.0,19.7,QB
13,Trey Lance,17,329.0,19.4,QB
14,Derek Carr,17,317.0,18.6,QB
15,Trevor Lawrence,17,304.0,17.9,QB
16,Ryan Tannehill,17,303.0,17.8,QB
17,Matt Ryan,17,297.0,17.5,QB
18,Jameis Winston,17,297.0,17.5,QB
19,Tua Tagovailoa,17,289.0,17.0,QB
20,Justin Fields,17,266.0,15.6,QB
21,Jared Goff,17,261.0,15.4,QB
22,Daniel Jones,17,251.0,14.8,QB
23,Carson Wentz,17,244.0,14.4,QB
24,Marcus Mariota,17,244.0,14.4,QB
25,Mac Jones,17,242.0,14.2,QB
26,Zach Wilson,17,237.0,13.9,QB
27,Baker Mayfield,17,234.0,13.8,QB
28,Davis Mills,17,222.0,13.1,QB
29,Geno Smith,17,190.0,11.2,QB
30,Jacoby Brissett,17,173.0,10.2,QB
31,Mitchell Trubisky,17,167.0,9.8,QB
32,Deshaun Watson,6,142.0,23.7,QB
33,Kenny Pickett,17,104.0,6.1,QB
34,Drew Lock,17,15.0,0.9,QB
35,Joe Flacco,17,15.0,0.9,QB
36,Case Keenum,17,12.0,0.7,QB
37,Joshua Dobbs,17,9.0,0.5,QB
38,Josh Johnson,17,9.0,0.5,QB
39,Jordan Love,17,9.0,0.5,QB
40,Andy Dalton,17,9.0,0.5,QB
41,Kyle Trask,17,8.0,0.5,QB
42,Kellen Mond,17,8.0,0.5,QB
43,John Wolford,17,7.0,0.4,QB
44,Tim Boyle,17,7.0,0.4,QB
45,Tyrod Taylor,17,7.0,0.4,QB
46,Taylor Heinicke,17,7.0,0.4,QB
47,Sam Darnold,16,7.0,0.4,QB
48,Gardner Minshew,17,7.0,0.4,QB
49,Sean Mannion,17,7.0,0.4,QB
50,Jimmy Garoppolo,17,7.0,0.4,QB
51,Tyler Huntley,17,7.0,0.4,QB
52,Teddy Bridgewater,17,7.0,0.4,QB
53,Nick Foles,17,7.0,0.4,QB
54,Desmond Ridder,17,6.0,0.4,QB
55,C.J. Beathard,17,6.0,0.4,QB
56,Nathan Peterman,17,6.0,0.4,QB
57,Brian Hoyer,17,6.0,0.4,QB
58,Trevor Siemian,17,6.0,0.4,QB
59,Mike White,17,6.0,0.4,QB
60,Jarrett Stidham,17,6.0,0.4,QB
61,Malik Willis,17,6.0,0.4,QB
62,Chad Henne,17,6.0,0.4,QB
63,Cooper Rush,17,6.0,0.4,QB
64,Mason Rudolph,17,6.0,0.4,QB
65,Brandon Allen,17,6.0,0.4,QB
66,Chase Daniel,17,6.0,0.4,QB
67,Colt McCoy,17,6.0,0.4,QB
68,Kyle Allen,17,4.0,0.2,QB
69,P.J. Walker,1,0.0,0.0,QB
70,Jonathan Taylor,17,295.0,17.4,RB
71,Jonathan Taylor,17,295.0,17.4,FLEX
72,Austin Ekeler,17,254.0,14.9,RB
73,Austin Ekeler,17,254.0,14.9,FLEX
74,Derrick Henry,17,250.0,14.7,RB
75,Derrick Henry,17,250.0,14.7,FLEX
76,Najee Harris,17,212.0,12.5,RB
77,Najee Harris,17,212.0,12.5,FLEX
78,Joe Mixon,17,211.0,12.4,RB
79,Joe Mixon,17,211.0,12.4,FLEX
80,Dalvin Cook,17,207.0,12.2,RB
81,Dalvin Cook,17,207.0,12.2,FLEX
82,Christian McCaffrey,17,204.0,12.0,RB
83,Christian McCaffrey,17,204.0,12.0,FLEX
84,Alvin Kamara,17,196.0,11.5,RB
85,Alvin Kamara,17,196.0,11.5,FLEX
86,Leonard Fournette,17,188.0,11.1,RB
87,Leonard Fournette,17,188.0,11.1,FLEX
88,Nick Chubb,17,184.0,10.8,RB
89,Nick Chubb,17,184.0,10.8,FLEX
90,James Conner,17,183.0,10.8,RB
91,James Conner,17,183.0,10.8,FLEX
92,Aaron Jones,17,180.0,10.6,RB
93,Aaron Jones,17,180.0,10.6,FLEX
94,Javonte Williams,17,179.0,10.5,RB
95,Javonte Williams,17,179.0,10.5,FLEX
96,Saquon Barkley,17,173.0,10.2,RB
97,Saquon Barkley,17,173.0,10.2,FLEX
98,J.K. Dobbins,17,170.0,10.0,RB
99,J.K. Dobbins,17,170.0,10.0,FLEX
100,D'Andre Swift,17,167.0,9.8,RB
101,D'Andre Swift,17,167.0,9.8,FLEX
102,David Montgomery,17,164.0,9.6,RB
103,David Montgomery,17,164.0,9.6,FLEX
104,Josh Jacobs,17,158.0,9.3,RB
105,Josh Jacobs,17,158.0,9.3,FLEX
106,Damien Harris,17,150.0,8.8,RB
107,Damien Harris,17,150.0,8.8,FLEX
108,Breece Hall,17,149.0,8.8,RB
109,Breece Hall,17,149.0,8.8,FLEX
110,Ezekiel Elliott,17,144.0,8.5,RB
111,Ezekiel Elliott,17,144.0,8.5,FLEX
112,Cam Akers,17,142.0,8.4,RB
113,Cam Akers,17,142.0,8.4,FLEX
114,Dameon Pierce,17,141.0,8.3,RB
115,Dameon Pierce,17,141.0,8.3,FLEX
116,Elijah Mitchell,17,139.0,8.2,RB
117,Elijah Mitchell,17,139.0,8.2,FLEX
118,Miles Sanders,17,136.0,8.0,RB
119,Miles Sanders,17,136.0,8.0,FLEX
120,Travis Etienne,17,136.0,8.0,RB
121,Travis Etienne,17,136.0,8.0,FLEX
122,A.J. Dillon,17,134.0,7.9,RB
123,A.J. Dillon,17,134.0,7.9,FLEX
124,Cordarrelle Patterson,17,134.0,7.9,RB
125,Cordarrelle Patterson,17,134.0,7.9,FLEX
126,Devin Singletary,17,134.0,7.9,RB
127,Devin Singletary,17,134.0,7.9,FLEX
128,Rashaad Penny,17,133.0,7.8,RB
129,Rashaad Penny,17,133.0,7.8,FLEX
130,Tony Pollard,17,133.0,7.8,RB
131,Tony Pollard,17,133.0,7.8,FLEX
132,Clyde Edwards-Helaire,17,131.0,7.7,RB
133,Clyde Edwards-Helaire,17,131.0,7.7,FLEX
134,Kareem Hunt,17,129.0,7.6,RB
135,Kareem Hunt,17,129.0,7.6,FLEX
136,Melvin Gordon,17,127.0,7.5,RB
137,Melvin Gordon,17,127.0,7.5,FLEX
138,Antonio Gibson,17,124.0,7.3,RB
139,Antonio Gibson,17,124.0,7.3,FLEX
140,Chase Edmonds,17,122.0,7.2,RB
141,Chase Edmonds,17,122.0,7.2,FLEX
142,Rhamondre Stevenson,17,120.0,7.1,RB
143,Rhamondre Stevenson,17,120.0,7.1,FLEX
144,Brian Robinson,17,118.0,6.9,RB
145,Brian Robinson,17,118.0,6.9,FLEX
146,James Robinson,17,114.0,6.7,RB
147,James Robinson,17,114.0,6.7,FLEX
148,Kenneth Walker,17,113.0,6.6,RB
149,Kenneth Walker,17,113.0,6.6,FLEX
150,Kenneth Gainwell,17,107.0,6.3,RB
151,Kenneth Gainwell,17,107.0,6.3,FLEX
152,Tyler Allgeier,17,107.0,6.3,RB
153,Tyler Allgeier,17,107.0,6.3,FLEX
154,James Cook,17,104.0,6.1,RB
155,James Cook,17,104.0,6.1,FLEX
156,Michael Carter,17,94.0,5.5,RB
157,Michael Carter,17,94.0,5.5,FLEX
158,Darrel Williams,17,92.0,5.4,RB
159,Darrel Williams,17,92.0,5.4,FLEX
160,Darrell Henderson,17,92.0,5.4,RB
161,Darrell Henderson,17,92.0,5.4,FLEX
162,Zamir White,17,91.0,5.4,RB
163,Zamir White,17,91.0,5.4,FLEX
164,Nyheim Hines,17,90.0,5.3,RB
165,Nyheim Hines,17,90.0,5.3,FLEX
166,Raheem Mostert,17,87.0,5.1,RB
167,Raheem Mostert,17,87.0,5.1,FLEX
168,Jamaal Williams,17,85.0,5.0,RB
169,Jamaal Williams,17,85.0,5.0,FLEX
170,Damien Williams,17,83.0,4.9,RB
171,Damien Williams,17,83.0,4.9,FLEX
172,J.D. McKissic,17,82.0,4.8,RB
173,J.D. McKissic,17,82.0,4.8,FLEX
174,Isiah Pacheco,17,82.0,4.8,RB
175,Isiah Pacheco,17,82.0,4.8,FLEX
176,Rachaad White,17,81.0,4.8,RB
177,Rachaad White,17,81.0,4.8,FLEX
178,Mark Ingram,17,80.0,4.7,RB
179,Mark Ingram,17,80.0,4.7,FLEX
180,Alexander Mattison,17,79.0,4.6,RB
181,Alexander Mattison,17,79.0,4.6,FLEX
182,Hassan Haskins,17,77.0,4.5,RB
183,Hassan Haskins,17,77.0,4.5,FLEX
184,Duke Johnson,17,72.0,4.2,RB
185,Duke Johnson,17,72.0,4.2,FLEX
186,Marlon Mack,17,70.0,4.1,RB
187,Marlon Mack,17,70.0,4.1,FLEX
188,Khalil Herbert,17,68.0,4.0,RB
189,Khalil Herbert,17,68.0,4.0,FLEX
190,D'Onta Foreman,17,65.0,3.8,RB
191,D'Onta Foreman,17,65.0,3.8,FLEX
192,Tyrion Davis-Price,17,65.0,3.8,RB
193,Tyrion Davis-Price,17,65.0,3.8,FLEX
194,Isaiah Spiller,17,60.0,3.5,RB
195,Isaiah Spiller,17,60.0,3.5,FLEX
196,Gus Edwards,13,58.0,4.5,RB
197,Gus Edwards,13,58.0,4.5,FLEX
198,Matt Breida,17,57.0,3.4,RB
199,Matt Breida,17,57.0,3.4,FLEX
200,Dontrell Hilliard,17,56.0,3.3,RB
201,Dontrell Hilliard,17,56.0,3.3,FLEX
202,Samaje Perine,17,55.0,3.2,RB
203,Samaje Perine,17,55.0,3.2,FLEX
204,Brandon Bolden,17,54.0,3.2,RB
205,Brandon Bolden,17,54.0,3.2,FLEX
206,Jerick McKinnon,17,53.0,3.1,RB
207,Jerick McKinnon,17,53.0,3.1,FLEX
208,Jeff Wilson,17,52.0,3.1,RB
209,Jeff Wilson,17,52.0,3.1,FLEX
210,Chuba Hubbard,17,49.0,2.9,RB
211,Chuba Hubbard,17,49.0,2.9,FLEX
212,Craig Reynolds,17,49.0,2.9,RB
213,Craig Reynolds,17,49.0,2.9,FLEX
214,Sony Michel,17,48.0,2.8,RB
215,Sony Michel,17,48.0,2.8,FLEX
216,Rex Burkhead,17,46.0,2.7,RB
217,Rex Burkhead,17,46.0,2.7,FLEX
218,Joshua Kelley,17,37.0,2.2,RB
219,Joshua Kelley,17,37.0,2.2,FLEX
220,Ke'Shawn Vaughn,17,32.0,1.9,RB
221,Ke'Shawn Vaughn,17,32.0,1.9,FLEX
222,Ronald Jones,17,32.0,1.9,RB
223,Ronald Jones,17,32.0,1.9,FLEX
224,Kyle Juszczyk,17,32.0,1.9,RB
225,Kyle Juszczyk,17,32.0,1.9,FLEX
226,Ameer Abdullah,17,30.0,1.8,RB
227,Ameer Abdullah,17,30.0,1.8,FLEX
228,Boston Scott,17,29.0,1.7,RB
229,Boston Scott,17,29.0,1.7,FLEX
230,Mike Davis,17,26.0,1.5,RB
231,Mike Davis,17,26.0,1.5,FLEX
232,Jermar Jefferson,17,25.0,1.5,RB
233,Jermar Jefferson,17,25.0,1.5,FLEX
234,Johnny Stanton,17,25.0,1.5,RB
235,Johnny Stanton,17,25.0,1.5,FLEX
236,Mike Boone,17,24.0,1.4,RB
237,Mike Boone,17,24.0,1.4,FLEX
238,Tevin Coleman,17,23.0,1.4,RB
239,Tevin Coleman,17,23.0,1.4,FLEX
240,Demetric Felton,17,21.0,1.2,RB
241,Demetric Felton,17,21.0,1.2,FLEX
242,Travis Homer,17,21.0,1.2,RB
243,Travis Homer,17,21.0,1.2,FLEX
244,Tyler Badie,17,19.0,1.1,RB
245,Tyler Badie,17,19.0,1.1,FLEX
246,Tory Carter,17,19.0,1.1,RB
247,Tory Carter,17,19.0,1.1,FLEX
248,Patrick Ricard,17,18.0,1.1,RB
249,Patrick Ricard,17,18.0,1.1,FLEX
250,Ty'Son Williams,17,17.0,1.0,RB
251,Ty'Son Williams,17,17.0,1.0,FLEX
252,D'Ernest Johnson,17,17.0,1.0,RB
253,D'Ernest Johnson,17,17.0,1.0,FLEX
254,J.J. Taylor,17,16.0,0.9,RB
255,J.J. Taylor,17,16.0,0.9,FLEX
256,Benny Snell,17,16.0,0.9,RB
257,Benny Snell,17,16.0,0.9,FLEX
258,Phillip Lindsay,17,16.0,0.9,RB
259,Phillip Lindsay,17,16.0,0.9,FLEX
260,Jerome Ford,17,14.0,0.8,RB
261,Jerome Ford,17,14.0,0.8,FLEX
262,Justin Jackson,17,14.0,0.8,RB
263,Justin Jackson,17,14.0,0.8,FLEX
264,Keaontay Ingram,17,13.0,0.8,RB
265,Keaontay Ingram,17,13.0,0.8,FLEX
266,Kevin Harris,17,13.0,0.8,RB
267,Kevin Harris,17,13.0,0.8,FLEX
268,Antonio Williams,17,13.0,0.8,RB
269,Antonio Williams,17,13.0,0.8,FLEX
270,Cooper Kupp,17,252.0,14.8,WR
271,Cooper Kupp,17,252.0,14.8,FLEX
272,Justin Jefferson,17,206.0,12.1,WR
273,Justin Jefferson,17,206.0,12.1,FLEX
274,Ja'Marr Chase,17,194.0,11.4,WR
275,Ja'Marr Chase,17,194.0,11.4,FLEX
276,Davante Adams,17,189.0,11.1,WR
277,Davante Adams,17,189.0,11.1,FLEX
278,Deebo Samuel,17,186.0,10.9,WR
279,Deebo Samuel,17,186.0,10.9,FLEX
280,Stefon Diggs,17,184.0,10.8,WR
281,Stefon Diggs,17,184.0,10.8,FLEX
282,Mike Evans,17,165.0,9.7,WR
283,Mike Evans,17,165.0,9.7,FLEX
284,CeeDee Lamb,17,164.0,9.6,WR
285,CeeDee Lamb,17,164.0,9.6,FLEX
286,Tee Higgins,17,155.0,9.1,WR
287,Tee Higgins,17,155.0,9.1,FLEX
288,Keenan Allen,17,154.0,9.1,WR
289,Keenan Allen,17,154.0,9.1,FLEX
290,Mike Williams,17,153.0,9.0,WR
291,Mike Williams,17,153.0,9.0,FLEX
292,A.J. Brown,17,153.0,9.0,WR
293,A.J. Brown,17,153.0,9.0,FLEX
294,D.J. Moore,17,149.0,8.8,WR
295,D.J. Moore,17,149.0,8.8,FLEX
296,Tyreek Hill,17,149.0,8.8,WR
297,Tyreek Hill,17,149.0,8.8,FLEX
298,Michael Pittman,17,148.0,8.7,WR
299,Michael Pittman,17,148.0,8.7,FLEX
300,Allen Robinson,17,146.0,8.6,WR
301,Allen Robinson,17,146.0,8.6,FLEX
302,Jaylen Waddle,17,146.0,8.6,WR
303,Jaylen Waddle,17,146.0,8.6,FLEX
304,Chris Godwin,17,145.0,8.5,WR
305,Chris Godwin,17,145.0,8.5,FLEX
306,Terry McLaurin,17,137.0,8.1,WR
307,Terry McLaurin,17,137.0,8.1,FLEX
308,Brandin Cooks,17,136.0,8.0,WR
309,Brandin Cooks,17,136.0,8.0,FLEX
310,Diontae Johnson,17,136.0,8.0,WR
311,Diontae Johnson,17,136.0,8.0,FLEX
312,Marquise Brown,17,135.0,7.9,WR
313,Marquise Brown,17,135.0,7.9,FLEX
314,DK Metcalf,17,135.0,7.9,WR
315,DK Metcalf,17,135.0,7.9,FLEX
316,Gabriel Davis,17,135.0,7.9,WR
317,Gabriel Davis,17,135.0,7.9,FLEX
318,Michael Thomas,17,134.0,7.9,WR
319,Michael Thomas,17,134.0,7.9,FLEX
320,Courtland Sutton,17,132.0,7.8,WR
321,Courtland Sutton,17,132.0,7.8,FLEX
322,Rashod Bateman,17,128.0,7.5,WR
323,Rashod Bateman,17,128.0,7.5,FLEX
324,Jerry Jeudy,17,126.0,7.4,WR
325,Jerry Jeudy,17,126.0,7.4,FLEX
326,DeVonta Smith,17,126.0,7.4,WR
327,DeVonta Smith,17,126.0,7.4,FLEX
328,Adam Thielen,17,125.0,7.4,WR
329,Adam Thielen,17,125.0,7.4,FLEX
330,Darnell Mooney,17,122.0,7.2,WR
331,Darnell Mooney,17,122.0,7.2,FLEX
332,Elijah Moore,17,122.0,7.2,WR
333,Elijah Moore,17,122.0,7.2,FLEX
334,JuJu Smith-Schuster,17,121.0,7.1,WR
335,JuJu Smith-Schuster,17,121.0,7.1,FLEX
336,Amari Cooper,17,120.0,7.1,WR
337,Amari Cooper,17,120.0,7.1,FLEX
338,Allen Lazard,17,119.0,7.0,WR
339,Allen Lazard,17,119.0,7.0,FLEX
340,Christian Kirk,17,118.0,6.9,WR
341,Christian Kirk,17,118.0,6.9,FLEX
342,Tyler Lockett,17,117.0,6.9,WR
343,Tyler Lockett,17,117.0,6.9,FLEX
344,Robert Woods,17,116.0,6.8,WR
345,Robert Woods,17,116.0,6.8,FLEX
346,Hunter Renfrow,17,113.0,6.6,WR
347,Hunter Renfrow,17,113.0,6.6,FLEX
348,Amon-Ra St.,17,111.0,6.5,WR
349,Amon-Ra St.,17,111.0,6.5,FLEX
350,Marvin Jones,17,110.0,6.5,WR
351,Marvin Jones,17,110.0,6.5,FLEX
352,Drake London,17,110.0,6.5,WR
353,Drake London,17,110.0,6.5,FLEX
354,Brandon Aiyuk,17,109.0,6.4,WR
355,Brandon Aiyuk,17,109.0,6.4,FLEX
356,DeVante Parker,17,108.0,6.4,WR
357,DeVante Parker,17,108.0,6.4,FLEX
358,Treylon Burks,17,106.0,6.2,WR
359,Treylon Burks,17,106.0,6.2,FLEX
360,George Pickens,17,104.0,6.1,WR
361,George Pickens,17,104.0,6.1,FLEX
362,DeAndre Hopkins,11,104.0,9.5,WR
363,DeAndre Hopkins,11,104.0,9.5,FLEX
364,Kenny Golladay,17,103.0,6.1,WR
365,Kenny Golladay,17,103.0,6.1,FLEX
366,K.J. Osborn,17,103.0,6.1,WR
367,K.J. Osborn,17,103.0,6.1,FLEX
368,Donovan Peoples-Jones,17,102.0,6.0,WR
369,Donovan Peoples-Jones,17,102.0,6.0,FLEX
370,Sterling Shepard,17,101.0,5.9,WR
371,Sterling Shepard,17,101.0,5.9,FLEX
372,Chase Claypool,17,101.0,5.9,WR
373,Chase Claypool,17,101.0,5.9,FLEX
374,Marquez Valdes-Scantling,17,100.0,5.9,WR
375,Marquez Valdes-Scantling,17,100.0,5.9,FLEX
376,Garrett Wilson,17,100.0,5.9,WR
377,Garrett Wilson,17,100.0,5.9,FLEX
378,Michael Gallup,16,99.0,6.2,WR
379,Michael Gallup,16,99.0,6.2,FLEX
380,Robbie Anderson,17,99.0,5.8,WR
381,Robbie Anderson,17,99.0,5.8,FLEX
382,Nico Collins,17,99.0,5.8,WR
383,Nico Collins,17,99.0,5.8,FLEX
384,Russell Gage,17,98.0,5.8,WR
385,Russell Gage,17,98.0,5.8,FLEX
386,Kadarius Toney,17,98.0,5.8,WR
387,Kadarius Toney,17,98.0,5.8,FLEX
388,Jakobi Meyers,17,97.0,5.7,WR
389,Jakobi Meyers,17,97.0,5.7,FLEX
390,Tyler Boyd,17,96.0,5.6,WR
391,Tyler Boyd,17,96.0,5.6,FLEX
392,Chris Olave,17,96.0,5.6,WR
393,Chris Olave,17,96.0,5.6,FLEX
394,Jahan Dotson,17,95.0,5.6,WR
395,Jahan Dotson,17,95.0,5.6,FLEX
396,Skyy Moore,17,93.0,5.5,WR
397,Skyy Moore,17,93.0,5.5,FLEX
398,Corey Davis,17,92.0,5.4,WR
399,Corey Davis,17,92.0,5.4,FLEX
400,Julio Jones,17,91.0,5.4,WR
401,Julio Jones,17,91.0,5.4,FLEX
402,Kendrick Bourne,17,90.0,5.3,WR
403,Kendrick Bourne,17,90.0,5.3,FLEX
404,Jalen Tolbert,17,89.0,5.2,WR
405,Jalen Tolbert,17,89.0,5.2,FLEX
406,Jarvis Landry,17,87.0,5.1,WR
407,Jarvis Landry,17,87.0,5.1,FLEX
408,Marquez Callaway,17,86.0,5.1,WR
409,Marquez Callaway,17,86.0,5.1,FLEX
410,Mecole Hardman,17,86.0,5.1,WR
411,Mecole Hardman,17,86.0,5.1,FLEX
412,Braxton Berrios,17,84.0,4.9,WR
413,Braxton Berrios,17,84.0,4.9,FLEX
414,D.J. Chark,17,82.0,4.8,WR
415,D.J. Chark,17,82.0,4.8,FLEX
416,Rondale Moore,17,82.0,4.8,WR
417,Rondale Moore,17,82.0,4.8,FLEX
418,Christian Watson,17,81.0,4.8,WR
419,Christian Watson,17,81.0,4.8,FLEX
420,Darius Slayton,17,81.0,4.8,WR
421,Darius Slayton,17,81.0,4.8,FLEX
422,Keelan Cole,17,79.0,4.6,WR
423,Keelan Cole,17,79.0,4.6,FLEX
424,Randall Cobb,17,78.0,4.6,WR
425,Randall Cobb,17,78.0,4.6,FLEX
426,Van Jefferson,17,77.0,4.5,WR
427,Van Jefferson,17,77.0,4.5,FLEX
428,Nick Westbrook,17,74.0,4.4,WR
429,Nick Westbrook,17,74.0,4.4,FLEX
430,Ced Wilson,17,74.0,4.4,WR
431,Ced Wilson,17,74.0,4.4,FLEX
432,Laviska Shenault,17,73.0,4.3,WR
433,Laviska Shenault,17,73.0,4.3,FLEX
434,Sammy Watkins,17,72.0,4.2,WR
435,Sammy Watkins,17,72.0,4.2,FLEX
436,Romeo Doubs,17,70.0,4.1,WR
437,Romeo Doubs,17,70.0,4.1,FLEX
438,Nelson Agholor,17,70.0,4.1,WR
439,Nelson Agholor,17,70.0,4.1,FLEX
440,Quintez Cephus,17,68.0,4.0,WR
441,Quintez Cephus,17,68.0,4.0,FLEX
442,Bryan Edwards,17,68.0,4.0,WR
443,Bryan Edwards,17,68.0,4.0,FLEX
444,Olamide Zaccheaus,17,65.0,3.8,WR
445,Olamide Zaccheaus,17,65.0,3.8,FLEX
446,David Bell,17,65.0,3.8,WR
447,David Bell,17,65.0,3.8,FLEX
448,A.J. Green,17,65.0,3.8,WR
449,A.J. Green,17,65.0,3.8,FLEX
450,Isaiah McKenzie,17,64.0,3.8,WR
451,Isaiah McKenzie,17,64.0,3.8,FLEX
452,Curtis Samuel,17,62.0,3.6,WR
453,Curtis Samuel,17,62.0,3.6,FLEX
454,Laquon Treadwell,17,62.0,3.6,WR
455,Laquon Treadwell,17,62.0,3.6,FLEX
456,Zay Jones,17,60.0,3.5,WR
457,Zay Jones,17,60.0,3.5,FLEX
458,James Washington,15,60.0,4.0,WR
459,James Washington,15,60.0,4.0,FLEX
460,Jamison Crowder,17,60.0,3.5,WR
461,Jamison Crowder,17,60.0,3.5,FLEX
462,K.J. Hamler,17,58.0,3.4,WR
463,K.J. Hamler,17,58.0,3.4,FLEX
464,Jalen Guyton,17,58.0,3.4,WR
465,Jalen Guyton,17,58.0,3.4,FLEX
466,Parris Campbell,17,57.0,3.4,WR
467,Parris Campbell,17,57.0,3.4,FLEX
468,Kalif Raymond,17,56.0,3.3,WR
469,Kalif Raymond,17,56.0,3.3,FLEX
470,Travis Kelce,17,198.0,11.6,TE
471,Travis Kelce,17,198.0,11.6,FLEX
472,Mark Andrews,17,175.0,10.3,TE
473,Mark Andrews,17,175.0,10.3,FLEX
474,Kyle Pitts,17,128.0,7.5,TE
475,Kyle Pitts,17,128.0,7.5,FLEX
476,Darren Waller,17,117.0,6.9,TE
477,Darren Waller,17,117.0,6.9,FLEX
478,George Kittle,17,116.0,6.8,TE
479,George Kittle,17,116.0,6.8,FLEX
480,Dallas Goedert,17,115.0,6.8,TE
481,Dallas Goedert,17,115.0,6.8,FLEX
482,Dalton Schultz,17,110.0,6.5,TE
483,Dalton Schultz,17,110.0,6.5,FLEX
484,Mike Gesicki,17,97.0,5.7,TE
485,Mike Gesicki,17,97.0,5.7,FLEX
486,Zach Ertz,17,97.0,5.7,TE
487,Zach Ertz,17,97.0,5.7,FLEX
488,T.J. Hockenson,17,90.0,5.3,TE
489,T.J. Hockenson,17,90.0,5.3,FLEX
490,Dawson Knox,17,88.0,5.2,TE
491,Dawson Knox,17,88.0,5.2,FLEX
492,Pat Freiermuth,17,87.0,5.1,TE
493,Pat Freiermuth,17,87.0,5.1,FLEX
494,Cole Kmet,17,85.0,5.0,TE
495,Cole Kmet,17,85.0,5.0,FLEX
496,Austin Hooper,17,83.0,4.9,TE
497,Austin Hooper,17,83.0,4.9,FLEX
498,Irv Smith,17,83.0,4.9,TE
499,Irv Smith,17,83.0,4.9,FLEX
500,David Njoku,17,82.0,4.8,TE
501,David Njoku,17,82.0,4.8,FLEX
502,Gerald Everett,17,82.0,4.8,TE
503,Gerald Everett,17,82.0,4.8,FLEX
504,Hunter Henry,17,82.0,4.8,TE
505,Hunter Henry,17,82.0,4.8,FLEX
506,Evan Engram,17,78.0,4.6,TE
507,Evan Engram,17,78.0,4.6,FLEX
508,Tyler Higbee,17,78.0,4.6,TE
509,Tyler Higbee,17,78.0,4.6,FLEX
510,Noah Fant,17,77.0,4.5,TE
511,Noah Fant,17,77.0,4.5,FLEX
512,Isaiah Likely,17,74.0,4.4,TE
513,Isaiah Likely,17,74.0,4.4,FLEX
514,Logan Thomas,17,73.0,4.3,TE
515,Logan Thomas,17,73.0,4.3,FLEX
516,Albert Okwuegbunam,17,70.0,4.1,TE
517,Albert Okwuegbunam,17,70.0,4.1,FLEX
518,Robert Tonyan,17,68.0,4.0,TE
519,Robert Tonyan,17,68.0,4.0,FLEX
520,Foster Moreau,17,66.0,3.9,TE
521,Foster Moreau,17,66.0,3.9,FLEX
522,Kyle Rudolph,17,62.0,3.6,TE
523,Kyle Rudolph,17,62.0,3.6,FLEX
524,Hayden Hurst,17,61.0,3.6,TE
525,Hayden Hurst,17,61.0,3.6,FLEX
526,Harrison Bryant,17,57.0,3.4,TE
527,Harrison Bryant,17,57.0,3.4,FLEX
528,Taysom Hill,17,55.0,3.2,TE
529,Taysom Hill,17,55.0,3.2,FLEX
530,Brevin Jordan,17,54.0,3.2,TE
531,Brevin Jordan,17,54.0,3.2,FLEX
532,Mo Alie-Cox,17,53.0,3.1,TE
533,Mo Alie-Cox,17,53.0,3.1,FLEX
534,Cameron Brate,17,53.0,3.1,TE
535,Cameron Brate,17,53.0,3.1,FLEX
536,C.J. Uzomah,17,53.0,3.1,TE
537,C.J. Uzomah,17,53.0,3.1,FLEX
538,Jelani Woods,17,52.0,3.1,TE
539,Jelani Woods,17,52.0,3.1,FLEX
540,Jonnu Smith,17,49.0,2.9,TE
541,Jonnu Smith,17,49.0,2.9,FLEX
542,Tyler Conklin,17,48.0,2.8,TE
543,Tyler Conklin,17,48.0,2.8,FLEX
544,Daniel Bellinger,17,46.0,2.7,TE
545,Daniel Bellinger,17,46.0,2.7,FLEX
546,Geoff Swaim,17,45.0,2.6,TE
547,Geoff Swaim,17,45.0,2.6,FLEX
548,Maxx Williams,17,44.0,2.6,TE
549,Maxx Williams,17,44.0,2.6,FLEX
550,John Bates,17,44.0,2.6,TE
551,John Bates,17,44.0,2.6,FLEX
552,Cade Otton,17,43.0,2.5,TE
553,Cade Otton,17,43.0,2.5,FLEX
554,Trey McBride,17,43.0,2.5,TE
555,Trey McBride,17,43.0,2.5,FLEX
556,Adam Trautman,17,43.0,2.5,TE
557,Adam Trautman,17,43.0,2.5,FLEX
558,James O'Shaughnessy,17,39.0,2.3,TE
559,James O'Shaughnessy,17,39.0,2.3,FLEX
560,Brock Wright,17,34.0,2.0,TE
561,Brock Wright,17,34.0,2.0,FLEX
562,Anthony Firkser,17,34.0,2.0,TE
563,Anthony Firkser,17,34.0,2.0,FLEX
564,Tommy Tremble,17,34.0,2.0,TE
565,Tommy Tremble,17,34.0,2.0,FLEX
566,Paul Quessenberry,17,34.0,2.0,TE
567,Paul Quessenberry,17,34.0,2.0,FLEX
568,Donald Parham,17,33.0,1.9,TE
569,Donald Parham,17,33.0,1.9,FLEX
570,O.J. Howard,17,31.0,1.8,TE
571,O.J. Howard,17,31.0,1.8,FLEX
572,Dan Arnold,17,26.0,1.5,TE
573,Dan Arnold,17,26.0,1.5,FLEX
574,Marcedes Lewis,17,26.0,1.5,TE
575,Marcedes Lewis,17,26.0,1.5,FLEX
576,Will Dissly,17,25.0,1.5,TE
577,Will Dissly,17,25.0,1.5,FLEX
578,Ryan Griffin,17,24.0,1.4,TE
579,Ryan Griffin,17,24.0,1.4,FLEX
580,Durham Smythe,17,24.0,1.4,TE
581,Durham Smythe,17,24.0,1.4,FLEX
582,Pharaoh Brown,17,20.0,1.2,TE
583,Pharaoh Brown,17,20.0,1.2,FLEX
584,Ian Thomas,17,19.0,1.1,TE
585,Ian Thomas,17,19.0,1.1,FLEX
586,Chris Manhertz,17,18.0,1.1,TE
587,Chris Manhertz,17,18.0,1.1,FLEX
588,MyCole Pruitt,17,17.0,1.0,TE
589,MyCole Pruitt,17,17.0,1.0,FLEX
590,Tyler Kroft,17,16.0,0.9,TE
591,Tyler Kroft,17,16.0,0.9,FLEX
592,Juwan Johnson,17,16.0,0.9,TE
593,Juwan Johnson,17,16.0,0.9,FLEX
594,Devin Asiasi,17,12.0,0.7,TE
595,Devin Asiasi,17,12.0,0.7,FLEX
596,Matt Bushman,17,12.0,0.7,TE
597,Matt Bushman,17,12.0,0.7,FLEX
598,Ko Kieft,17,12.0,0.7,TE
599,Ko Kieft,17,12.0,0.7,FLEX
600,Blake Bell,15,12.0,0.8,TE
601,Blake Bell,15,12.0,0.8,FLEX
602,Brycen Hopkins,17,12.0,0.7,TE
603,Brycen Hopkins,17,12.0,0.7,FLEX
604,Kenny Yeboah,17,11.0,0.6,TE
605,Kenny Yeboah,17,11.0,0.6,FLEX
606,Jacob Harris,17,11.0,0.6,TE
607,Jacob Harris,17,11.0,0.6,FLEX
608,Nick Boyle,17,11.0,0.6,TE
609,Nick Boyle,17,11.0,0.6,FLEX
610,Nick Muse,17,11.0,0.6,TE
611,Nick Muse,17,11.0,0.6,FLEX
612,Stephen Anderson,17,11.0,0.6,TE
613,Stephen Anderson,17,11.0,0.6,FLEX
614,Jake Ferguson,17,11.0,0.6,TE
615,Jake Ferguson,17,11.0,0.6,FLEX
616,Jody Fortson,17,11.0,0.6,TE
617,Jody Fortson,17,11.0,0.6,FLEX
618,Greg Dulcich,17,11.0,0.6,TE
619,Greg Dulcich,17,11.0,0.6,FLEX
620,Nick Eubanks,17,11.0,0.6,TE
621,Nick Eubanks,17,11.0,0.6,FLEX
622,Alize Mack,17,10.0,0.6,TE
623,Alize Mack,17,10.0,0.6,FLEX
624,Charlie Kolar,17,10.0,0.6,TE
625,Charlie Kolar,17,10.0,0.6,FLEX
626,Josh Oliver,17,10.0,0.6,TE
627,Josh Oliver,17,10.0,0.6,FLEX
628,Drew Sample,17,10.0,0.6,TE
629,Drew Sample,17,10.0,0.6,FLEX
630,Antony Auclair,17,10.0,0.6,TE
631,Antony Auclair,17,10.0,0.6,FLEX
632,Charlie Woerner,17,10.0,0.6,TE
633,Charlie Woerner,17,10.0,0.6,FLEX
634,James Mitchell,17,10.0,0.6,TE
635,James Mitchell,17,10.0,0.6,FLEX
636,Noah Gray,17,10.0,0.6,TE
637,Noah Gray,17,10.0,0.6,FLEX
638,Luke Farrell,17,10.0,0.6,TE
639,Luke Farrell,17,10.0,0.6,FLEX
640,Kendall Blanton,17,10.0,0.6,TE
641,Kendall Blanton,17,10.0,0.6,FLEX
642,Jeremy Ruckert,17,10.0,0.6,TE
643,Jeremy Ruckert,17,10.0,0.6,FLEX
644,Ben Ellefson,17,10.0,0.6,TE
645,Ben Ellefson,17,10.0,0.6,FLEX
646,Jacob Hollister,17,10.0,0.6,TE
647,Jacob Hollister,17,10.0,0.6,FLEX
648,Zach Gentry,17,10.0,0.6,TE
649,Zach Gentry,17,10.0,0.6,FLEX
650,Mason Schreck,17,10.0,0.6,TE
651,Mason Schreck,17,10.0,0.6,FLEX
652,Tre' McKitty,17,10.0,0.6,TE
653,Tre' McKitty,17,10.0,0.6,FLEX
654,Tommy Sweeney,17,10.0,0.6,TE
655,Tommy Sweeney,17,10.0,0.6,FLEX
656,Chigoziem Okonkwo,17,10.0,0.6,TE
657,Chigoziem Okonkwo,17,10.0,0.6,FLEX
658,John FitzPatrick,17,10.0,0.6,TE
659,John FitzPatrick,17,10.0,0.6,FLEX
660,Cole Turner,17,10.0,0.6,TE
661,Cole Turner,17,10.0,0.6,FLEX
662,Tommy Hudson,17,10.0,0.6,TE
663,Tommy Hudson,17,10.0,0.6,FLEX
664,Teagan Quitoriano,17,10.0,0.6,TE
665,Teagan Quitoriano,17,10.0,0.6,FLEX
666,Nakia Griffin-Stewart,17,10.0,0.6,TE
667,Nakia Griffin-Stewart,17,10.0,0.6,FLEX
668,Matt Sokol,17,10.0,0.6,TE
669,Matt Sokol,17,10.0,0.6,FLEX
670,Tyler Bass,17,146.0,8.6,K
671,Tyler Bass,17,146.0,8.6,FLEX
672,Justin Tucker,17,139.0,8.2,K
673,Justin Tucker,17,139.0,8.2,FLEX
674,Rodrigo Blankenship,17,138.0,8.1,K
675,Rodrigo Blankenship,17,138.0,8.1,FLEX
676,Evan McPherson,17,137.0,8.1,K
677,Evan McPherson,17,137.0,8.1,FLEX
678,Harrison Butker,17,136.0,8.0,K
679,Harrison Butker,17,136.0,8.0,FLEX
680,Daniel Carlson,17,134.0,7.9,K
681,Daniel Carlson,17,134.0,7.9,FLEX
682,Matt Gay,17,134.0,7.9,K
683,Matt Gay,17,134.0,7.9,FLEX
684,Greg Joseph,17,133.0,7.8,K
685,Greg Joseph,17,133.0,7.8,FLEX
686,Ryan Succop,17,131.0,7.7,K
687,Ryan Succop,17,131.0,7.7,FLEX
688,Dustin Hopkins,17,130.0,7.6,K
689,Dustin Hopkins,17,130.0,7.6,FLEX
690,Jake Elliott,17,129.0,7.6,K
691,Jake Elliott,17,129.0,7.6,FLEX
692,Brett Maher,17,129.0,7.6,K
693,Brett Maher,17,129.0,7.6,FLEX
694,Robbie Gould,17,127.0,7.5,K
695,Robbie Gould,17,127.0,7.5,FLEX
696,Matt Prater,17,127.0,7.5,K
697,Matt Prater,17,127.0,7.5,FLEX
698,Younghoe Koo,17,126.0,7.4,K
699,Younghoe Koo,17,126.0,7.4,FLEX
700,Mason Crosby,17,125.0,7.4,K
701,Mason Crosby,17,125.0,7.4,FLEX
702,Brandon McManus,17,124.0,7.3,K
703,Brandon McManus,17,124.0,7.3,FLEX
704,Jason Sanders,17,124.0,7.3,K
705,Jason Sanders,17,124.0,7.3,FLEX
706,Randy Bullock,17,124.0,7.3,K
707,Randy Bullock,17,124.0,7.3,FLEX
708,Nick Folk,17,122.0,7.2,K
709,Nick Folk,17,122.0,7.2,FLEX
710,Chris Boswell,17,121.0,7.1,K
711,Chris Boswell,17,121.0,7.1,FLEX
712,Wil Lutz,17,117.0,6.9,K
713,Wil Lutz,17,117.0,6.9,FLEX
714,Cairo Santos,17,113.0,6.6,K
715,Cairo Santos,17,113.0,6.6,FLEX
716,Graham Gano,17,112.0,6.6,K
717,Graham Gano,17,112.0,6.6,FLEX
718,Austin Seibert,17,108.0,6.4,K
719,Austin Seibert,17,108.0,6.4,FLEX
720,Joey Slye,17,106.0,6.2,K
721,Joey Slye,17,106.0,6.2,FLEX
722,James McCourt,17,103.0,6.1,K
723,James McCourt,17,103.0,6.1,FLEX
724,Cade York,17,99.0,5.8,K
725,Cade York,17,99.0,5.8,FLEX
726,Greg Zuerlein,17,95.0,5.6,K
727,Greg Zuerlein,17,95.0,5.6,FLEX
728,Ka'imi Fairbairn,17,92.0,5.4,K
729,Ka'imi Fairbairn,17,92.0,5.4,FLEX
730,Zane Gonzalez,13,86.0,6.6,K
731,Zane Gonzalez,13,86.0,6.6,FLEX
732,Jason Myers,17,86.0,5.1,K
733,Jason Myers,17,86.0,5.1,FLEX
734,Buffalo,696,238.2,14.0,DEF
735,Buffalo,696,238.2,14.0,FLEX
736,San Francisco,721,194.4,11.4,DEF
737,San Francisco,721,194.4,11.4,FLEX
738,New Orleans,721,191.4,11.3,DEF
739,New Orleans,721,191.4,11.3,FLEX
740,Green Bay,712,188.8,11.1,DEF
741,Green Bay,712,188.8,11.1,FLEX
742,Cleveland,707,184.6,10.9,DEF
743,Cleveland,707,184.6,10.9,FLEX
744,Indianapolis,721,184.4,10.8,DEF
745,Indianapolis,721,184.4,10.8,FLEX
746,L.A. Rams,720,182.6,10.7,DEF
747,L.A. Rams,720,182.6,10.7,FLEX
748,Baltimore,675,171.4,10.1,DEF
749,Baltimore,675,171.4,10.1,FLEX
750,Pittsburgh,703,162.0,9.5,DEF
751,Pittsburgh,703,162.0,9.5,FLEX
752,Dallas,690,159.2,9.4,DEF
753,Dallas,690,159.2,9.4,FLEX
754,Minnesota,713,159.1,9.4,DEF
755,Minnesota,713,159.1,9.4,FLEX
756,Tampa Bay,735,157.0,9.2,DEF
757,Tampa Bay,735,157.0,9.2,FLEX
758,L.A. Chargers,715,155.8,9.2,DEF
759,L.A. Chargers,715,155.8,9.2,FLEX
760,Miami,660,155.8,9.2,DEF
761,Miami,660,155.8,9.2,FLEX
762,Arizona,726,154.1,9.1,DEF
763,Arizona,726,154.1,9.1,FLEX
764,Chicago,733,154.0,9.1,DEF
765,Chicago,733,154.0,9.1,FLEX
766,Cincinnati,749,147.9,8.7,DEF
767,Cincinnati,749,147.9,8.7,FLEX
768,Kansas City,731,147.5,8.7,DEF
769,Kansas City,731,147.5,8.7,FLEX
770,Washington,742,147.3,8.7,DEF
771,Washington,742,147.3,8.7,FLEX
772,Denver,707,146.6,8.6,DEF
773,Denver,707,146.6,8.6,FLEX
774,Carolina,724,145.0,8.5,DEF
775,Carolina,724,145.0,8.5,FLEX
776,New England,723,142.5,8.4,DEF
777,New England,723,142.5,8.4,FLEX
778,Tennessee,692,140.7,8.3,DEF
779,Tennessee,692,140.7,8.3,FLEX
780,N.Y. Jets,751,140.1,8.2,DEF
781,N.Y. Jets,751,140.1,8.2,FLEX
782,Houston,749,139.0,8.2,DEF
783,Houston,749,139.0,8.2,FLEX
784,Detroit,721,136.6,8.0,DEF
785,Detroit,721,136.6,8.0,FLEX
786,N.Y. Giants,721,135.9,8.0,DEF
787,N.Y. Giants,721,135.9,8.0,FLEX
788,Jacksonville,748,134.5,7.9,DEF
789,Jacksonville,748,134.5,7.9,FLEX
790,Las Vegas,738,132.1,7.8,DEF
791,Las Vegas,738,132.1,7.8,FLEX
792,Philadelphia,751,124.5,7.3,DEF
793,Philadelphia,751,124.5,7.3,FLEX
794,Seattle,729,113.4,6.7,DEF
795,Seattle,729,113.4,6.7,FLEX
796,Atlanta,733,109.0,6.4,DEF
797,Atlanta,733,109.0,6.4,FLEX
